{"cameraMode":{"drawMode":0,"name":"Shaded","section":"Shading Mode"},"sceneLighting":true,"audioPlay":false,"sceneViewState":{"m_AlwaysRefresh":false,"showFog":true,"showSkybox":true,"showFlares":true,"showImageEffects":true,"showParticleSystems":true,"showVisualEffectGraphs":true,"m_FxEnabled":true},"in2DMode":false,"pivot":{"x":1245.006591796875,"y":725.7083129882813,"z":-790.1053466796875},"rotation":{"x":0.03748646378517151,"y":0.03450595960021019,"z":-0.0012113883858546615,"w":0.9988702535629273},"size":373.5958557128906,"orthographic":false}